<?xml version="1.0" encoding="utf-8" standalone="yes" ?>
<?xml-stylesheet type="text/xsl" href="./modx.prosilver.en.xsl"?>
<!--
	For security purposes, please check: http://www.phpbb.com/mods/
	for the latest version of this MOD. Although MODs are checked
	before being allowed in the MODs Database there is no guarantee
	that there are no security problems within the MOD. No support
	will be given for MODs not found within the MODs Database which
	can be found at http://www.phpbb.com/mods/
-->
<mod xmlns:xsi="http://www.w3.org/2001/XMLSchema-instance" xmlns="http://www.phpbb.com/mods/xml/modx-1.2.5.xsd">
	<header>
		<license>http://opensource.org/licenses/gpl-license.php GNU General Public License v2</license>

		<title lang="en">Quote Post Back Link (QPBL)</title>

		<description lang="en">When a post is quoted on your forum this MOD will automatically add a link back to the original post in the quote.</description>
		
		<author-notes lang="en">This MOD requires PHP > 5.0.0.</author-notes>

		<author-group>
			<author>
				<realname>Erik Frèrejean</realname>
				<username>Erik Frèrejean</username>
				<homepage>http://leximosi.github.com</homepage>
				<contributions-group>
					<contributions status="current" from="2008-12-21"/>
				</contributions-group>
			</author>
		</author-group>

		<mod-version>2.1.0</mod-version>

		<installation>
			<level>easy</level>
			<time>180</time>
			<target-version>3.0.11</target-version>
		</installation>

		<history>
			<entry>
				<date>2012-11-07</date>
				<rev-version>2.1.0</rev-version>
				<changelog lang="en">
					<change>Updated for phpBB 3.0.11.</change>
					<change>Various tweakt throughout the MOD.</change>
					<change>Updated UMIL.</change>
				</changelog>
			</entry>
			<entry>
				<date>2010-12-25</date>
				<rev-version>2.0.0.5</rev-version>
				<changelog lang="en">
					<change>[Add] MOD installer.</change>
					<change>[Fix] #3, quotes without user and post trimmed first character.</change>
				</changelog>
			</entry>
			<entry>
				<date>2010-12-16</date>
				<rev-version>2.0.0.4</rev-version>
				<changelog lang="en">
					<change>[Fix] #2, Fix nested quotes</change>
				</changelog>
			</entry>
			<entry>
				<date>2010-12-07</date>
				<rev-version>2.0.0.3</rev-version>
				<changelog lang="en">
					<change>[Change] Allow the admin to define whether topic titles are forced to lower case or not.</change>
					<change>[Fix] #1</change>
					<change>[Fix] First character of quotes get cut off.</change>
				</changelog>
			</entry>
			<entry>
				<date>2010-12-05</date>
				<rev-version>2.0.0.2</rev-version>
				<changelog lang="en">
					<change>[Fix] Don't break the quotes when there are multiple "postID'ed" quoted.</change>
				</changelog>
			</entry>
			<entry>
				<date>2010-12-05</date>
				<rev-version>2.0.0.1</rev-version>
				<changelog lang="en">
					<change>[Add] Insert the post ID when clicking on the "quote button".</change>
					<change>[Add] Insert the post ID when clicking on the "quote button" in topic review.</change>
				</changelog>
			</entry>
			<entry>
				<date>2010-12-02</date>
				<rev-version>2.0.0</rev-version>
				<changelog lang="en">
					<change>Complete rewrite of the MOD.</change>
				</changelog>
			</entry>
		</history>
	</header>

	<action-group>
		<copy>
			<file from="root/includes/acp/acp_qpbl.php" to="includes/acp/acp_qpbl.php" />
			<file from="root/includes/acp/info/acp_qpbl.php" to="includes/acp/info/acp_qpbl.php" />
			<file from="root/includes/mods/QuotePostBackLink/QuotePostBackLink.php" to="includes/mods/QuotePostBackLink/QuotePostBackLink.php" />
			<file from="root/install/install.php" to="install/install.php" />
			<file from="root/language/en/mods/info_acp_qpbl.php" to="language/en/mods/info_acp_qpbl.php" />
			<file from="root/umil/*.*" to="umil/*.*" />
		</copy>

		<open src="posting.php">
			<edit>
				<find><![CDATA[$message_parser->message = '[quote=&quot;' . $post_data['quote_username']]]></find>
				<action type="replace-with"><![CDATA[
		//-- BEGIN Quote Post Back Link
		//-- Delete
		/*
		$message_parser->message = '[quote=&quot;' . $post_data['quote_username'] . '&quot;]' . censor_text(trim($message_parser->message)) . "[/quote]\n";
		*/
		//-- Add
		$message_parser->message = "[quote=&quot;{$post_data['quote_username']}&quot;;p={$post_id}]" . censor_text(trim($message_parser->message)) . "[/quote]\n";
		//-- END Quote Post Back Link]]>
				</action>
			</edit>
		</open>

		<open src="includes/bbcode.php">
			<edit>
				<find><![CDATA[	function bbcode_cache_init()
	{
		global $phpbb_root_path, $template, $user;]]></find>
				<action type="after-add"><![CDATA[		//-- BEGIN Quote Post Back Link
		//-- Add
		global $qpbl;
		if (!isset($this->qpbl) || $this->qpbl instanceof QuotePostBackLink === false)
		{
			global $cache, $config, $db, $user, $phpEx;
				require "{$phpbb_root_path}includes/mods/QuotePostBackLink/QuotePostBackLink.{$phpEx}";
			$this->qpbl = new QuotePostBackLink($cache, $config, $db, $user, $phpEx, $this);
		}
		//-- END Quote Post Back Link]]></action>
			</edit>
			<edit>
				<find><![CDATA['#\[quote(?:=&quot;(.*?)&quot;)?:$uid\]((?!\[quote(?:=&quot;]]></find>
				<action type="replace-with"><![CDATA[						//-- Quote Post Back Link
						//-- Delete:
						/*
							'#\[quote(?:=&quot;(.*?)&quot;)?:$uid\]((?!\[quote(?:=&quot;.*?&quot;)?:$uid\]).)?#ise'	=> "\$this->bbcode_second_pass_quote('\$1', '\$2')"
						*/
						//-- Add:
							'#\[quote(?:=&quot;(.*?)&quot;)?(?:;p=(.*?))?:$uid\]((?!\[quote(?:=&quot;.*?&quot;)?(?:;p=([0-9]+))?:$uid\]).)?#ise'	=> "\$this->qpbl->bbcode_second_pass_quote('\$1', '\$2', '\$3')",
						//-- End Quote Post Back Link]]></action>
			</edit>
			<edit>
				<find><![CDATA[static $replacements = array(]]></find>
				<action type="after-add"><![CDATA[			//-- BEGIN Quote Post Back Link
			//-- Add:
			'quote_username_post_open'	=> array('{USERNAME}'	=> '$1', '{QPBL_POST}'	=> '$2', '{QPBL_TITLE}'	=> '$3'),
			'quote_post_open'		=> array('{QPBL_POST}'	=> '$2', '{QPBL_TITLE}'		=> '$3'),
			//-- END Quote Post Back Link]]></action>
			</edit>
		</open>

		<open src="includes/message_parser.php">
			<edit>
				<find><![CDATA['quote'			=> array('bbcode_id' => 0,]]></find>
				<action type="replace-with"><![CDATA[
			//-- Quote Post Back Link
			//-- Delete:
			/*
			'quote'			=> array('bbcode_id' => 0,	'regexp' => array('#\[quote(?:=&quot;(.*?)&quot;)?\](.+)\[/quote\]#ise' => "\$this->bbcode_quote('\$0')")),
			*/
			//-- Add:
			'quote'			=> array('bbcode_id' => 0, 'regexp' => array('#\[quote(?:=&quot;(.*?)&quot;)?(?:;p=([0-9]+))?\](.+)\[/quote\]#ise' => "\$this->bbcode_quote('\$0')")),
			//-- End Quote Post Back Link]]></action>
			</edit>
			<edit>
				<find><![CDATA[$in = preg_replace('#quote=&quot;(.*?)&quot;\]#ie']]></find>
				<action type="replace-with"><![CDATA[		//-- BEGIN Quote Post Back Link
		//-- Delete:
		/*
		$in = preg_replace('#quote=&quot;(.*?)&quot;\]#ie', "'quote=&quot;' . str_replace(array('[', ']', '\\\"'), array('&#91;', '&#93;', '\"'), '\$1') . '&quot;]'", $in);
		*/
		//-- Add:
		$in = preg_replace('#quote=&quot;(.*?)&quot;p=([0-9]+)#ie', "'quote&quot;' . str_replace(array('[', ']', '\\\"', array('&#91;', '&#93;', '\"'), '\$1') . '&quot;]'", $in);
		//-- END Quote Post Back Link]]></action>
			</edit>
			<edit>
				<find><![CDATA[else if (preg_match('#^quote(?:=&quot;(.*?)&quot;)?]]></find>
				<action type="replace-with"><![CDATA[
				//-- Quote Post Back Link
				//-- Delete:
				/*
				else if (preg_match('#^quote(?:=&quot;(.*?)&quot;)?$#is', $buffer, $m) && substr($out, -1, 1) == '[')
				*/
				//-- Add:
				else if (preg_match('#^quote(?:=&quot;(.*?)&quot;)?(?:;p=([0-9]+))?$#is', $buffer, $m) && substr($out, -1, 1) == '[')
				//-- End Quote Post Back Link]]></action>
			</edit>
			<edit>
				<find><![CDATA[$out .= 'quote=&quot;' . $username . '&quot;:' . $this->bbcode_uid . ']';]]></find>
				<action type="replace-with"><![CDATA[						//-- BEGIN Quote Post Back Link
						//-- Delete:
						/*
						$out .= 'quote=&quot;' . $username . '&quot;:' . $this->bbcode_uid . ']';
						*/
						//-- Add:
						$post_id = (isset($m[2]) && $m[2]) ? ";p={$m[2]}" : '';
						$out .= "quote=&quot;{$username}&quot;{$post_id}:{$this->bbcode_uid}]";
						//-- END Quote Post Back Link]]>
				</action>
			</edit>
		</open>

		<open src="styles/prosilver/template/bbcode.html">
			<edit>
				<find><![CDATA[<!-- BEGIN quote_username_open --><blockquote><div><cite>]]></find>
				<action type="before-add"><![CDATA[<!-- MOD: Quote Post Back Link -->
<!-- BEGIN quote_username_post_open --><blockquote><div><cite>{USERNAME} {L_WROTE} {L_IN} <a href="{QPBL_POST}" title="{QPBL_TITLE}">{QPBL_TITLE}</a>:</cite><!-- END quote_username_post_open -->
<!-- BEGIN quote_post_open --><blockquote><div><cite><a href="{QPBL_POST}" title="{QPBL_TITLE}">{QPBL_TITLE}</a>:</cite><!-- END quote_post_open -->
<!-- /MOD: Quote Post Back Link -->]]></action>
			</edit>
		</open>

		<open src="styles/prosilver/template/editor.js">
			<edit>
				<find><![CDATA[insert_text('[quote="' + username + '"]' + theSelection + '[/quote]');]]></find>
				<action type="replace-with"><![CDATA[			//-- BEGIN Quote Post Back Link
			//-- Delete:
			/*
			insert_text('[quote="' + username + '"]' + theSelection + '[/quote]');
			*/
			//-- Add:
			var _post_id = '';
			if (post_id)
			{
				_post_id = ';p=' + post_id;
			}
			insert_text('[quote="' + username + '"' + _post_id + ']' + theSelection + '[/quote]');
			//-- END Quote Post Back Link]]></action>
			</edit>
		</open>

		<php-installer>install/install.php</php-installer>
		
		<diy-instructions lang="en">Remove the `install/` directory from the server.</diy-instructions>
	</action-group>
</mod>
